Area_Name,Year,Group_Name,Sub_Group_Name,Loss_of_Property_1_10_Crores,Loss_of_Property_10_25_Crores,Loss_of_Property_25_50_Crores,Loss_of_Property_50_100_Crores,Loss_of_Property_Above_100_Crores,Sum
Andhra Pradesh,2001,Serious Fraud - Cheating,2. Cheating ,4,0,0,0,0,4
Arunachal Pradesh,2001,Serious Fraud - Cheating,2. Cheating ,0,0,0,0,0,0
Assam,2001,Serious Fraud - Cheating,2. Cheating ,0,0,0,0,0,0
Bihar,2001,Serious Fraud - Cheating,2. Cheating ,0,0,0,0,0,0
Chandigarh,2001,Serious Fraud - Cheating,2. Cheating ,0,0,0,0,0,0
Chhattisgarh,2001,Serious Fraud - Cheating,2. Cheating ,0,0,0,0,0,0
Delhi,2001,Serious Fraud - Cheating,2. Cheating ,2,NULL,NULL,NULL,NULL,2
Goa,2001,Serious Fraud - Cheating,2. Cheating ,2,NULL,NULL,NULL,NULL,2
Gujarat,2001,Serious Fraud - Cheating,2. Cheating ,14,0,1,1,0,16
Haryana,2001,Serious Fraud - Cheating,2. Cheating ,0,0,0,0,0,0
Himachal Pradesh,2001,Serious Fraud - Cheating,2. Cheating ,0,0,0,0,0,0
Jammu & Kashmir,2001,Serious Fraud - Cheating,2. Cheating ,0,0,0,0,0,0
Jharkhand,2001,Serious Fraud - Cheating,2. Cheating ,0,0,2,0,0,2
Karnataka,2001,Serious Fraud - Cheating,2. Cheating ,52,0,0,0,0,52
Maharashtra,2001,Serious Fraud - Cheating,2. Cheating ,8,1,0,0,0,9
Meghalaya,2001,Serious Fraud - Cheating,2. Cheating ,0,0,0,0,0,0
Nagaland,2001,Serious Fraud - Cheating,2. Cheating ,7,0,0,0,0,7
Odisha,2001,Serious Fraud - Cheating,2. Cheating ,0,0,0,0,0,0
Punjab,2001,Serious Fraud - Cheating,2. Cheating ,2150,NULL,NULL,NULL,NULL,2150
Tamil Nadu,2001,Serious Fraud - Cheating,2. Cheating ,5,NULL,NULL,NULL,NULL,5
West Bengal,2001,Serious Fraud - Cheating,2. Cheating ,2,2,0,0,0,4
Andhra Pradesh,2002,Serious Fraud - Cheating,2. Cheating ,0,0,0,0,0,0
Bihar,2002,Serious Fraud - Cheating,2. Cheating ,0,0,0,0,0,0
Chandigarh,2002,Serious Fraud - Cheating,2. Cheating ,0,0,0,0,0,0
Chhattisgarh,2002,Serious Fraud - Cheating,2. Cheating ,16,0,0,0,0,16
Daman & Diu,2002,Serious Fraud - Cheating,2. Cheating ,0,0,0,0,0,0
Goa,2002,Serious Fraud - Cheating,2. Cheating ,1,NULL,NULL,NULL,NULL,1
Gujarat,2002,Serious Fraud - Cheating,2. Cheating ,10,1,0,1,1,13
Haryana,2002,Serious Fraud - Cheating,2. Cheating ,0,0,0,0,0,0
Himachal Pradesh,2002,Serious Fraud - Cheating,2. Cheating ,0,0,0,0,0,0
Jammu & Kashmir,2002,Serious Fraud - Cheating,2. Cheating ,0,0,0,0,0,0
Karnataka,2002,Serious Fraud - Cheating,2. Cheating ,4,0,0,0,0,4
Madhya Pradesh,2002,Serious Fraud - Cheating,2. Cheating ,0,0,0,0,0,0
Maharashtra,2002,Serious Fraud - Cheating,2. Cheating ,30,7,2,0,0,39
Meghalaya,2002,Serious Fraud - Cheating,2. Cheating ,0,0,0,0,0,0
Nagaland,2002,Serious Fraud - Cheating,2. Cheating ,3,0,0,0,0,3
Odisha,2002,Serious Fraud - Cheating,2. Cheating ,0,0,0,0,0,0
Punjab,2002,Serious Fraud - Cheating,2. Cheating ,485,0,0,0,0,485
Tamil Nadu,2002,Serious Fraud - Cheating,2. Cheating ,1,1,0,0,0,2
West Bengal,2002,Serious Fraud - Cheating,2. Cheating ,0,1,0,0,1,2
Andhra Pradesh,2003,Serious Fraud - Cheating,2. Cheating ,0,0,0,0,0,0
Arunachal Pradesh,2003,Serious Fraud - Cheating,2. Cheating ,0,0,0,0,0,0
Bihar,2003,Serious Fraud - Cheating,2. Cheating ,0,0,0,0,0,0
Chandigarh,2003,Serious Fraud - Cheating,2. Cheating ,2,0,1,0,0,3
Chhattisgarh,2003,Serious Fraud - Cheating,2. Cheating ,0,0,0,0,0,0
Dadra & Nagar Haveli,2003,Serious Fraud - Cheating,2. Cheating ,1,NULL,NULL,NULL,NULL,1
Daman & Diu,2003,Serious Fraud - Cheating,2. Cheating ,0,0,0,0,0,0
Delhi,2003,Serious Fraud - Cheating,2. Cheating ,26,0,0,0,0,26
Goa,2003,Serious Fraud - Cheating,2. Cheating ,6,NULL,NULL,NULL,NULL,6
Gujarat,2003,Serious Fraud - Cheating,2. Cheating ,10,0,0,0,0,10
Haryana,2003,Serious Fraud - Cheating,2. Cheating ,0,NULL,0,0,NULL,0
Himachal Pradesh,2003,Serious Fraud - Cheating,2. Cheating ,0,0,0,0,0,0
Jammu & Kashmir,2003,Serious Fraud - Cheating,2. Cheating ,0,0,0,0,0,0
Jharkhand,2003,Serious Fraud - Cheating,2. Cheating ,0,0,0,0,0,0
Karnataka,2003,Serious Fraud - Cheating,2. Cheating ,24,0,0,0,0,24
Maharashtra,2003,Serious Fraud - Cheating,2. Cheating ,4,2,0,0,0,6
Meghalaya,2003,Serious Fraud - Cheating,2. Cheating ,0,0,0,0,0,0
Nagaland,2003,Serious Fraud - Cheating,2. Cheating ,0,0,0,0,0,0
Odisha,2003,Serious Fraud - Cheating,2. Cheating ,0,0,0,0,0,0
Punjab,2003,Serious Fraud - Cheating,2. Cheating ,0,0,0,0,0,0
Sikkim,2003,Serious Fraud - Cheating,2. Cheating ,0,NULL,NULL,NULL,NULL,0
Tamil Nadu,2003,Serious Fraud - Cheating,2. Cheating ,1,NULL,NULL,NULL,NULL,1
West Bengal,2003,Serious Fraud - Cheating,2. Cheating ,3,0,0,0,0,3
Andhra Pradesh,2004,Serious Fraud - Cheating,2. Cheating ,2,0,0,0,0,2
Arunachal Pradesh,2004,Serious Fraud - Cheating,2. Cheating ,0,0,0,0,0,0
Bihar,2004,Serious Fraud - Cheating,2. Cheating ,0,0,0,0,0,0
Chhattisgarh,2004,Serious Fraud - Cheating,2. Cheating ,0,0,0,0,0,0
Delhi,2004,Serious Fraud - Cheating,2. Cheating ,9,NULL,NULL,NULL,NULL,9
Goa,2004,Serious Fraud - Cheating,2. Cheating ,2,NULL,NULL,NULL,NULL,2
Gujarat,2004,Serious Fraud - Cheating,2. Cheating ,31,1,0,0,0,32
Himachal Pradesh,2004,Serious Fraud - Cheating,2. Cheating ,0,0,0,0,0,0
Karnataka,2004,Serious Fraud - Cheating,2. Cheating ,21,0,0,0,0,21
Madhya Pradesh,2004,Serious Fraud - Cheating,2. Cheating ,0,0,0,0,0,0
Maharashtra,2004,Serious Fraud - Cheating,2. Cheating ,14,1,1,0,0,16
Manipur,2004,Serious Fraud - Cheating,2. Cheating ,0,0,0,0,0,0
Meghalaya,2004,Serious Fraud - Cheating,2. Cheating ,0,0,0,0,0,0
Mizoram,2004,Serious Fraud - Cheating,2. Cheating ,0,0,0,0,0,0
Nagaland,2004,Serious Fraud - Cheating,2. Cheating ,1,0,0,0,0,1
Odisha,2004,Serious Fraud - Cheating,2. Cheating ,0,0,0,0,0,0
Puducherry,2004,Serious Fraud - Cheating,2. Cheating ,NULL,1,NULL,NULL,NULL,1
Punjab,2004,Serious Fraud - Cheating,2. Cheating ,0,0,0,0,0,0
Sikkim,2004,Serious Fraud - Cheating,2. Cheating ,22,NULL,NULL,NULL,NULL,22
Tamil Nadu,2004,Serious Fraud - Cheating,2. Cheating ,0,0,0,0,0,0
West Bengal,2004,Serious Fraud - Cheating,2. Cheating ,12,1,0,0,0,13
Andhra Pradesh,2005,Serious Fraud - Cheating,2. Cheating ,1,0,0,0,0,1
Arunachal Pradesh,2005,Serious Fraud - Cheating,2. Cheating ,0,0,0,0,0,0
Assam,2005,Serious Fraud - Cheating,2. Cheating ,0,0,0,0,0,0
Bihar,2005,Serious Fraud - Cheating,2. Cheating ,0,0,0,0,0,0
Chandigarh,2005,Serious Fraud - Cheating,2. Cheating ,2,0,0,0,0,2
Chhattisgarh,2005,Serious Fraud - Cheating,2. Cheating ,0,0,0,0,0,0
Delhi,2005,Serious Fraud - Cheating,2. Cheating ,4,NULL,NULL,NULL,NULL,4
Goa,2005,Serious Fraud - Cheating,2. Cheating ,1,NULL,NULL,NULL,NULL,1
Gujarat,2005,Serious Fraud - Cheating,2. Cheating ,19,1,0,0,0,20
Haryana,2005,Serious Fraud - Cheating,2. Cheating ,1,0,0,0,0,1
Himachal Pradesh,2005,Serious Fraud - Cheating,2. Cheating ,0,0,0,0,0,0
Jammu & Kashmir,2005,Serious Fraud - Cheating,2. Cheating ,0,0,0,0,0,0
Karnataka,2005,Serious Fraud - Cheating,2. Cheating ,5,1,0,1,0,7
Madhya Pradesh,2005,Serious Fraud - Cheating,2. Cheating ,0,0,0,0,0,0
Maharashtra,2005,Serious Fraud - Cheating,2. Cheating ,35,2,2,0,0,39
Manipur,2005,Serious Fraud - Cheating,2. Cheating ,1,0,0,0,0,1
Meghalaya,2005,Serious Fraud - Cheating,2. Cheating ,0,0,0,0,0,0
Mizoram,2005,Serious Fraud - Cheating,2. Cheating ,0,0,0,0,0,0
Nagaland,2005,Serious Fraud - Cheating,2. Cheating ,4,7,1,0,0,12
Odisha,2005,Serious Fraud - Cheating,2. Cheating ,0,0,0,0,0,0
Punjab,2005,Serious Fraud - Cheating,2. Cheating ,0,0,0,0,0,0
Tamil Nadu,2005,Serious Fraud - Cheating,2. Cheating ,5,NULL,NULL,NULL,NULL,5
Uttar Pradesh,2005,Serious Fraud - Cheating,2. Cheating ,0,0,0,0,0,0
West Bengal,2005,Serious Fraud - Cheating,2. Cheating ,8,0,0,0,0,8
Andhra Pradesh,2006,Serious Fraud - Cheating,2. Cheating ,0,0,0,0,0,0
Arunachal Pradesh,2006,Serious Fraud - Cheating,2. Cheating ,0,0,0,0,0,0
Assam,2006,Serious Fraud - Cheating,2. Cheating ,0,0,0,0,0,0
Chandigarh,2006,Serious Fraud - Cheating,2. Cheating ,4,0,0,0,0,4
Chhattisgarh,2006,Serious Fraud - Cheating,2. Cheating ,0,0,0,0,0,0
Delhi,2006,Serious Fraud - Cheating,2. Cheating ,1,NULL,NULL,NULL,NULL,1
Gujarat,2006,Serious Fraud - Cheating,2. Cheating ,22,0,0,0,0,22
Haryana,2006,Serious Fraud - Cheating,2. Cheating ,NULL,NULL,1,NULL,NULL,1
Himachal Pradesh,2006,Serious Fraud - Cheating,2. Cheating ,0,0,0,0,0,0
Jammu & Kashmir,2006,Serious Fraud - Cheating,2. Cheating ,0,0,0,0,0,0
Jharkhand,2006,Serious Fraud - Cheating,2. Cheating ,182,0,0,0,0,182
Karnataka,2006,Serious Fraud - Cheating,2. Cheating ,0,0,0,0,0,0
Madhya Pradesh,2006,Serious Fraud - Cheating,2. Cheating ,0,0,0,0,0,0
Maharashtra,2006,Serious Fraud - Cheating,2. Cheating ,17,3,NULL,NULL,NULL,20
Manipur,2006,Serious Fraud - Cheating,2. Cheating ,0,0,0,0,0,0
Meghalaya,2006,Serious Fraud - Cheating,2. Cheating ,0,0,0,0,0,0
Mizoram,2006,Serious Fraud - Cheating,2. Cheating ,0,0,0,0,0,0
Nagaland,2006,Serious Fraud - Cheating,2. Cheating ,14,0,0,0,0,14
Odisha,2006,Serious Fraud - Cheating,2. Cheating ,0,0,0,0,0,0
Puducherry,2006,Serious Fraud - Cheating,2. Cheating ,1,NULL,NULL,NULL,NULL,1
Tamil Nadu,2006,Serious Fraud - Cheating,2. Cheating ,35,NULL,NULL,NULL,NULL,35
Uttar Pradesh,2006,Serious Fraud - Cheating,2. Cheating ,0,0,0,0,0,0
West Bengal,2006,Serious Fraud - Cheating,2. Cheating ,9,1,0,0,0,10
Andhra Pradesh,2007,Serious Fraud - Cheating,2. Cheating ,3,0,0,0,0,3
Arunachal Pradesh,2007,Serious Fraud - Cheating,2. Cheating ,0,0,0,0,0,0
Assam,2007,Serious Fraud - Cheating,2. Cheating ,0,0,0,0,0,0
Bihar,2007,Serious Fraud - Cheating,2. Cheating ,0,0,0,0,0,0
Chandigarh,2007,Serious Fraud - Cheating,2. Cheating ,0,0,0,0,0,0
Chhattisgarh,2007,Serious Fraud - Cheating,2. Cheating ,0,0,0,0,0,0
Daman & Diu,2007,Serious Fraud - Cheating,2. Cheating ,1,NULL,NULL,NULL,NULL,1
Delhi,2007,Serious Fraud - Cheating,2. Cheating ,4,NULL,6,NULL,NULL,10
Gujarat,2007,Serious Fraud - Cheating,2. Cheating ,11,1,0,0,0,12
Haryana,2007,Serious Fraud - Cheating,2. Cheating ,1,0,15,0,0,16
Himachal Pradesh,2007,Serious Fraud - Cheating,2. Cheating ,0,0,0,0,0,0
Jammu & Kashmir,2007,Serious Fraud - Cheating,2. Cheating ,5,0,0,0,0,5
Karnataka,2007,Serious Fraud - Cheating,2. Cheating ,1,0,0,0,0,1
Kerala,2007,Serious Fraud - Cheating,2. Cheating ,4,NULL,NULL,NULL,NULL,4
Madhya Pradesh,2007,Serious Fraud - Cheating,2. Cheating ,0,0,0,0,0,0
Maharashtra,2007,Serious Fraud - Cheating,2. Cheating ,25,4,0,0,0,29
Manipur,2007,Serious Fraud - Cheating,2. Cheating ,0,0,0,0,0,0
Meghalaya,2007,Serious Fraud - Cheating,2. Cheating ,0,0,0,0,0,0
Mizoram,2007,Serious Fraud - Cheating,2. Cheating ,0,0,0,0,0,0
Nagaland,2007,Serious Fraud - Cheating,2. Cheating ,25,0,0,0,0,25
Odisha,2007,Serious Fraud - Cheating,2. Cheating ,0,0,0,0,0,0
Sikkim,2007,Serious Fraud - Cheating,2. Cheating ,34,NULL,NULL,NULL,NULL,34
Tamil Nadu,2007,Serious Fraud - Cheating,2. Cheating ,26,1,0,0,1,28
Tripura,2007,Serious Fraud - Cheating,2. Cheating ,0,0,0,0,0,0
West Bengal,2007,Serious Fraud - Cheating,2. Cheating ,7,1,0,0,0,8
Andhra Pradesh,2008,Serious Fraud - Cheating,2. Cheating ,0,0,0,0,0,0
Arunachal Pradesh,2008,Serious Fraud - Cheating,2. Cheating ,0,0,0,0,0,0
Assam,2008,Serious Fraud - Cheating,2. Cheating ,0,0,0,0,0,0
Bihar,2008,Serious Fraud - Cheating,2. Cheating ,73,0,0,0,0,73
Chandigarh,2008,Serious Fraud - Cheating,2. Cheating ,3,0,0,0,0,3
Chhattisgarh,2008,Serious Fraud - Cheating,2. Cheating ,0,0,0,0,0,0
Delhi,2008,Serious Fraud - Cheating,2. Cheating ,36,4,NULL,NULL,NULL,40
Gujarat,2008,Serious Fraud - Cheating,2. Cheating ,28,0,0,0,0,28
Haryana,2008,Serious Fraud - Cheating,2. Cheating ,4,7,5,0,0,16
Himachal Pradesh,2008,Serious Fraud - Cheating,2. Cheating ,0,0,0,0,0,0
Jammu & Kashmir,2008,Serious Fraud - Cheating,2. Cheating ,0,0,0,0,0,0
Karnataka,2008,Serious Fraud - Cheating,2. Cheating ,22,1,0,0,0,23
Kerala,2008,Serious Fraud - Cheating,2. Cheating ,5,2,NULL,NULL,NULL,7
Maharashtra,2008,Serious Fraud - Cheating,2. Cheating ,42,1,0,0,0,43
Manipur,2008,Serious Fraud - Cheating,2. Cheating ,0,0,0,0,0,0
Meghalaya,2008,Serious Fraud - Cheating,2. Cheating ,0,0,0,0,0,0
Mizoram,2008,Serious Fraud - Cheating,2. Cheating ,37,0,0,0,0,37
Nagaland,2008,Serious Fraud - Cheating,2. Cheating ,0,0,0,0,0,0
Odisha,2008,Serious Fraud - Cheating,2. Cheating ,0,0,0,0,0,0
Tamil Nadu,2008,Serious Fraud - Cheating,2. Cheating ,28,5,4,1,1,39
Uttar Pradesh,2008,Serious Fraud - Cheating,2. Cheating ,0,NULL,NULL,NULL,NULL,0
West Bengal,2008,Serious Fraud - Cheating,2. Cheating ,25,2,1,1,1,30
Andhra Pradesh,2009,Serious Fraud - Cheating,2. Cheating ,1,0,0,0,0,1
Arunachal Pradesh,2009,Serious Fraud - Cheating,2. Cheating ,0,0,0,0,0,0
Assam,2009,Serious Fraud - Cheating,2. Cheating ,0,0,0,0,0,0
Bihar,2009,Serious Fraud - Cheating,2. Cheating ,0,0,0,0,0,0
Chandigarh,2009,Serious Fraud - Cheating,2. Cheating ,0,0,0,0,0,0
Chhattisgarh,2009,Serious Fraud - Cheating,2. Cheating ,0,0,0,0,0,0
Delhi,2009,Serious Fraud - Cheating,2. Cheating ,11,0,NULL,NULL,NULL,11
Goa,2009,Serious Fraud - Cheating,2. Cheating ,4,NULL,NULL,NULL,NULL,4
Gujarat,2009,Serious Fraud - Cheating,2. Cheating ,9,0,0,0,0,9
Haryana,2009,Serious Fraud - Cheating,2. Cheating ,4,0,0,0,0,4
Himachal Pradesh,2009,Serious Fraud - Cheating,2. Cheating ,1,1,0,0,0,2
Jammu & Kashmir,2009,Serious Fraud - Cheating,2. Cheating ,0,0,0,0,0,0
Karnataka,2009,Serious Fraud - Cheating,2. Cheating ,4,0,0,0,0,4
Kerala,2009,Serious Fraud - Cheating,2. Cheating ,8,NULL,NULL,NULL,NULL,8
Madhya Pradesh,2009,Serious Fraud - Cheating,2. Cheating ,10,0,0,0,0,10
Maharashtra,2009,Serious Fraud - Cheating,2. Cheating ,57,3,2,1,1,64
Manipur,2009,Serious Fraud - Cheating,2. Cheating ,0,0,0,0,0,0
Meghalaya,2009,Serious Fraud - Cheating,2. Cheating ,0,0,0,0,0,0
Nagaland,2009,Serious Fraud - Cheating,2. Cheating ,33,0,0,0,0,33
Odisha,2009,Serious Fraud - Cheating,2. Cheating ,0,0,0,0,0,0
Punjab,2009,Serious Fraud - Cheating,2. Cheating ,4,NULL,NULL,NULL,NULL,4
Tamil Nadu,2009,Serious Fraud - Cheating,2. Cheating ,25,4,1,0,0,30
Uttar Pradesh,2009,Serious Fraud - Cheating,2. Cheating ,2,NULL,NULL,NULL,NULL,2
West Bengal,2009,Serious Fraud - Cheating,2. Cheating ,13,1,0,0,0,14
Andhra Pradesh,2010,Serious Fraud - Cheating,2. Cheating ,14,0,0,0,0,14
Arunachal Pradesh,2010,Serious Fraud - Cheating,2. Cheating ,0,0,0,0,0,0
Bihar,2010,Serious Fraud - Cheating,2. Cheating ,0,0,0,0,0,0
Chhattisgarh,2010,Serious Fraud - Cheating,2. Cheating ,0,0,0,0,0,0
Delhi,2010,Serious Fraud - Cheating,2. Cheating ,48,23,12,0,NULL,83
Goa,2010,Serious Fraud - Cheating,2. Cheating ,1,NULL,NULL,NULL,NULL,1
Gujarat,2010,Serious Fraud - Cheating,2. Cheating ,10,0,1,1,1,13
Haryana,2010,Serious Fraud - Cheating,2. Cheating ,3,NULL,NULL,NULL,1,4
Himachal Pradesh,2010,Serious Fraud - Cheating,2. Cheating ,0,0,0,0,0,0
Jammu & Kashmir,2010,Serious Fraud - Cheating,2. Cheating ,0,0,0,0,0,0
Jharkhand,2010,Serious Fraud - Cheating,2. Cheating ,0,0,0,0,0,0
Karnataka,2010,Serious Fraud - Cheating,2. Cheating ,3131,3,0,0,0,3134
Kerala,2010,Serious Fraud - Cheating,2. Cheating ,4,0,0,1,0,5
Madhya Pradesh,2010,Serious Fraud - Cheating,2. Cheating ,NULL,NULL,1,NULL,NULL,1
Maharashtra,2010,Serious Fraud - Cheating,2. Cheating ,75,5,1,0,1,82
Manipur,2010,Serious Fraud - Cheating,2. Cheating ,0,0,0,0,0,0
Meghalaya,2010,Serious Fraud - Cheating,2. Cheating ,0,0,0,0,0,0
Nagaland,2010,Serious Fraud - Cheating,2. Cheating ,14,0,0,0,0,14
Odisha,2010,Serious Fraud - Cheating,2. Cheating ,0,0,0,0,0,0
Punjab,2010,Serious Fraud - Cheating,2. Cheating ,5,NULL,NULL,NULL,NULL,5
Tamil Nadu,2010,Serious Fraud - Cheating,2. Cheating ,5,1,0,0,0,6
Uttar Pradesh,2010,Serious Fraud - Cheating,2. Cheating ,5,0,0,0,0,5
West Bengal,2010,Serious Fraud - Cheating,2. Cheating ,16,9,1,1,0,27
Andhra Pradesh,2001,Serious Fraud - Criminal Breach of Trust,1. Criminal Breach of Trust,0,0,0,0,0,0
Arunachal Pradesh,2001,Serious Fraud - Criminal Breach of Trust,1. Criminal Breach of Trust,0,0,0,0,0,0
Assam,2001,Serious Fraud - Criminal Breach of Trust,1. Criminal Breach of Trust,0,0,0,0,0,0
Bihar,2001,Serious Fraud - Criminal Breach of Trust,1. Criminal Breach of Trust,0,0,0,0,0,0
Chandigarh,2001,Serious Fraud - Criminal Breach of Trust,1. Criminal Breach of Trust,0,0,0,0,0,0
Chhattisgarh,2001,Serious Fraud - Criminal Breach of Trust,1. Criminal Breach of Trust,0,0,0,0,0,0
Delhi,2001,Serious Fraud - Criminal Breach of Trust,1. Criminal Breach of Trust,3,NULL,NULL,NULL,NULL,3
Goa,2001,Serious Fraud - Criminal Breach of Trust,1. Criminal Breach of Trust,2,NULL,NULL,NULL,NULL,2
Gujarat,2001,Serious Fraud - Criminal Breach of Trust,1. Criminal Breach of Trust,4,1,0,0,0,5
Haryana,2001,Serious Fraud - Criminal Breach of Trust,1. Criminal Breach of Trust,0,0,0,0,0,0
Himachal Pradesh,2001,Serious Fraud - Criminal Breach of Trust,1. Criminal Breach of Trust,0,0,0,0,0,0
Jammu & Kashmir,2001,Serious Fraud - Criminal Breach of Trust,1. Criminal Breach of Trust,0,0,0,0,0,0
Jharkhand,2001,Serious Fraud - Criminal Breach of Trust,1. Criminal Breach of Trust,0,0,0,0,0,0
Karnataka,2001,Serious Fraud - Criminal Breach of Trust,1. Criminal Breach of Trust,13,0,0,0,0,13
Maharashtra,2001,Serious Fraud - Criminal Breach of Trust,1. Criminal Breach of Trust,4,0,0,0,1,5
Meghalaya,2001,Serious Fraud - Criminal Breach of Trust,1. Criminal Breach of Trust,0,0,0,0,0,0
Nagaland,2001,Serious Fraud - Criminal Breach of Trust,1. Criminal Breach of Trust,10,0,0,0,0,10
Odisha,2001,Serious Fraud - Criminal Breach of Trust,1. Criminal Breach of Trust,0,0,0,0,0,0
Punjab,2001,Serious Fraud - Criminal Breach of Trust,1. Criminal Breach of Trust,205,NULL,NULL,NULL,NULL,205
Tamil Nadu,2001,Serious Fraud - Criminal Breach of Trust,1. Criminal Breach of Trust,3,NULL,NULL,NULL,NULL,3
Uttarakhand,2001,Serious Fraud - Criminal Breach of Trust,1. Criminal Breach of Trust,2,NULL,NULL,NULL,NULL,2
West Bengal,2001,Serious Fraud - Criminal Breach of Trust,1. Criminal Breach of Trust,0,0,0,0,0,0
Andhra Pradesh,2002,Serious Fraud - Criminal Breach of Trust,1. Criminal Breach of Trust,1,0,0,0,0,1
Bihar,2002,Serious Fraud - Criminal Breach of Trust,1. Criminal Breach of Trust,0,0,0,0,0,0
Chandigarh,2002,Serious Fraud - Criminal Breach of Trust,1. Criminal Breach of Trust,1,0,0,0,0,1
Chhattisgarh,2002,Serious Fraud - Criminal Breach of Trust,1. Criminal Breach of Trust,10,0,0,0,0,10
Daman & Diu,2002,Serious Fraud - Criminal Breach of Trust,1. Criminal Breach of Trust,0,0,0,0,0,0
Gujarat,2002,Serious Fraud - Criminal Breach of Trust,1. Criminal Breach of Trust,3,1,0,2,1,7
Haryana,2002,Serious Fraud - Criminal Breach of Trust,1. Criminal Breach of Trust,0,0,0,0,0,0
Himachal Pradesh,2002,Serious Fraud - Criminal Breach of Trust,1. Criminal Breach of Trust,0,0,0,0,0,0
Jammu & Kashmir,2002,Serious Fraud - Criminal Breach of Trust,1. Criminal Breach of Trust,0,0,0,0,0,0
Karnataka,2002,Serious Fraud - Criminal Breach of Trust,1. Criminal Breach of Trust,0,0,0,0,0,0
Madhya Pradesh,2002,Serious Fraud - Criminal Breach of Trust,1. Criminal Breach of Trust,0,0,0,0,0,0
Maharashtra,2002,Serious Fraud - Criminal Breach of Trust,1. Criminal Breach of Trust,16,3,2,0,2,23
Meghalaya,2002,Serious Fraud - Criminal Breach of Trust,1. Criminal Breach of Trust,0,0,0,0,0,0
Nagaland,2002,Serious Fraud - Criminal Breach of Trust,1. Criminal Breach of Trust,6,0,0,0,0,6
Odisha,2002,Serious Fraud - Criminal Breach of Trust,1. Criminal Breach of Trust,0,0,0,0,0,0
Punjab,2002,Serious Fraud - Criminal Breach of Trust,1. Criminal Breach of Trust,79,0,0,0,0,79
Tamil Nadu,2002,Serious Fraud - Criminal Breach of Trust,1. Criminal Breach of Trust,1,0,0,0,0,1
West Bengal,2002,Serious Fraud - Criminal Breach of Trust,1. Criminal Breach of Trust,0,0,0,0,0,0
Andhra Pradesh,2003,Serious Fraud - Criminal Breach of Trust,1. Criminal Breach of Trust,4,2,3,0,0,9
Arunachal Pradesh,2003,Serious Fraud - Criminal Breach of Trust,1. Criminal Breach of Trust,0,0,0,0,0,0
Bihar,2003,Serious Fraud - Criminal Breach of Trust,1. Criminal Breach of Trust,0,0,0,0,0,0
Chandigarh,2003,Serious Fraud - Criminal Breach of Trust,1. Criminal Breach of Trust,0,0,0,0,0,0
Chhattisgarh,2003,Serious Fraud - Criminal Breach of Trust,1. Criminal Breach of Trust,0,0,0,0,0,0
Dadra & Nagar Haveli,2003,Serious Fraud - Criminal Breach of Trust,1. Criminal Breach of Trust,2,NULL,NULL,NULL,NULL,2
Daman & Diu,2003,Serious Fraud - Criminal Breach of Trust,1. Criminal Breach of Trust,0,0,0,0,0,0
Delhi,2003,Serious Fraud - Criminal Breach of Trust,1. Criminal Breach of Trust,5,0,0,0,0,5
Goa,2003,Serious Fraud - Criminal Breach of Trust,1. Criminal Breach of Trust,1,NULL,NULL,NULL,NULL,1
Gujarat,2003,Serious Fraud - Criminal Breach of Trust,1. Criminal Breach of Trust,3,1,1,0,0,5
Haryana,2003,Serious Fraud - Criminal Breach of Trust,1. Criminal Breach of Trust,0,0,0,0,0,0
Himachal Pradesh,2003,Serious Fraud - Criminal Breach of Trust,1. Criminal Breach of Trust,0,0,0,0,0,0
Jammu & Kashmir,2003,Serious Fraud - Criminal Breach of Trust,1. Criminal Breach of Trust,0,0,0,0,0,0
Jharkhand,2003,Serious Fraud - Criminal Breach of Trust,1. Criminal Breach of Trust,0,0,0,0,0,0
Karnataka,2003,Serious Fraud - Criminal Breach of Trust,1. Criminal Breach of Trust,6,0,0,1,0,7
Maharashtra,2003,Serious Fraud - Criminal Breach of Trust,1. Criminal Breach of Trust,23,3,1,0,0,27
Meghalaya,2003,Serious Fraud - Criminal Breach of Trust,1. Criminal Breach of Trust,3,0,0,0,0,3
Nagaland,2003,Serious Fraud - Criminal Breach of Trust,1. Criminal Breach of Trust,0,0,0,0,0,0
Odisha,2003,Serious Fraud - Criminal Breach of Trust,1. Criminal Breach of Trust,0,0,0,0,0,0
Punjab,2003,Serious Fraud - Criminal Breach of Trust,1. Criminal Breach of Trust,0,0,0,0,0,0
Sikkim,2003,Serious Fraud - Criminal Breach of Trust,1. Criminal Breach of Trust,0,NULL,NULL,NULL,NULL,0
Tamil Nadu,2003,Serious Fraud - Criminal Breach of Trust,1. Criminal Breach of Trust,1,NULL,NULL,NULL,NULL,1
West Bengal,2003,Serious Fraud - Criminal Breach of Trust,1. Criminal Breach of Trust,1,0,0,0,0,1
Andhra Pradesh,2004,Serious Fraud - Criminal Breach of Trust,1. Criminal Breach of Trust,1,0,0,0,0,1
Arunachal Pradesh,2004,Serious Fraud - Criminal Breach of Trust,1. Criminal Breach of Trust,0,0,0,0,0,0
Bihar,2004,Serious Fraud - Criminal Breach of Trust,1. Criminal Breach of Trust,0,0,0,0,0,0
Chhattisgarh,2004,Serious Fraud - Criminal Breach of Trust,1. Criminal Breach of Trust,0,0,0,0,0,0
Dadra & Nagar Haveli,2004,Serious Fraud - Criminal Breach of Trust,1. Criminal Breach of Trust,5,0,0,1,NULL,6
Delhi,2004,Serious Fraud - Criminal Breach of Trust,1. Criminal Breach of Trust,2,NULL,NULL,NULL,NULL,2
Gujarat,2004,Serious Fraud - Criminal Breach of Trust,1. Criminal Breach of Trust,5,0,1,0,0,6
Himachal Pradesh,2004,Serious Fraud - Criminal Breach of Trust,1. Criminal Breach of Trust,0,0,0,0,0,0
Karnataka,2004,Serious Fraud - Criminal Breach of Trust,1. Criminal Breach of Trust,2,0,0,0,0,2
Madhya Pradesh,2004,Serious Fraud - Criminal Breach of Trust,1. Criminal Breach of Trust,0,0,0,0,0,0
Maharashtra,2004,Serious Fraud - Criminal Breach of Trust,1. Criminal Breach of Trust,12,1,1,2,1,17
Manipur,2004,Serious Fraud - Criminal Breach of Trust,1. Criminal Breach of Trust,0,0,0,0,0,0
Meghalaya,2004,Serious Fraud - Criminal Breach of Trust,1. Criminal Breach of Trust,0,0,0,0,0,0
Mizoram,2004,Serious Fraud - Criminal Breach of Trust,1. Criminal Breach of Trust,0,0,0,0,0,0
Nagaland,2004,Serious Fraud - Criminal Breach of Trust,1. Criminal Breach of Trust,1,0,0,0,0,1
Odisha,2004,Serious Fraud - Criminal Breach of Trust,1. Criminal Breach of Trust,0,0,0,0,0,0
Punjab,2004,Serious Fraud - Criminal Breach of Trust,1. Criminal Breach of Trust,3,0,1,0,0,4
Sikkim,2004,Serious Fraud - Criminal Breach of Trust,1. Criminal Breach of Trust,4,NULL,NULL,NULL,NULL,4
Tamil Nadu,2004,Serious Fraud - Criminal Breach of Trust,1. Criminal Breach of Trust,0,0,0,0,0,0
West Bengal,2004,Serious Fraud - Criminal Breach of Trust,1. Criminal Breach of Trust,0,0,0,0,0,0
Andaman & Nicobar Islands,2005,Serious Fraud - Criminal Breach of Trust,1. Criminal Breach of Trust,1,1,NULL,NULL,NULL,2
Andhra Pradesh,2005,Serious Fraud - Criminal Breach of Trust,1. Criminal Breach of Trust,0,0,0,0,0,0
Arunachal Pradesh,2005,Serious Fraud - Criminal Breach of Trust,1. Criminal Breach of Trust,0,0,0,0,0,0
Assam,2005,Serious Fraud - Criminal Breach of Trust,1. Criminal Breach of Trust,0,0,0,0,0,0
Bihar,2005,Serious Fraud - Criminal Breach of Trust,1. Criminal Breach of Trust,0,0,0,0,0,0
Chandigarh,2005,Serious Fraud - Criminal Breach of Trust,1. Criminal Breach of Trust,0,0,0,0,0,0
Chhattisgarh,2005,Serious Fraud - Criminal Breach of Trust,1. Criminal Breach of Trust,0,0,0,0,0,0
Gujarat,2005,Serious Fraud - Criminal Breach of Trust,1. Criminal Breach of Trust,3,0,0,0,0,3
Haryana,2005,Serious Fraud - Criminal Breach of Trust,1. Criminal Breach of Trust,0,0,0,0,0,0
Himachal Pradesh,2005,Serious Fraud - Criminal Breach of Trust,1. Criminal Breach of Trust,0,0,0,0,0,0
Jammu & Kashmir,2005,Serious Fraud - Criminal Breach of Trust,1. Criminal Breach of Trust,0,0,0,0,0,0
Karnataka,2005,Serious Fraud - Criminal Breach of Trust,1. Criminal Breach of Trust,4,0,0,0,0,4
Kerala,2005,Serious Fraud - Criminal Breach of Trust,1. Criminal Breach of Trust,1,NULL,NULL,NULL,NULL,1
Madhya Pradesh,2005,Serious Fraud - Criminal Breach of Trust,1. Criminal Breach of Trust,0,0,0,0,0,0
Maharashtra,2005,Serious Fraud - Criminal Breach of Trust,1. Criminal Breach of Trust,2,1,0,1,1,5
Manipur,2005,Serious Fraud - Criminal Breach of Trust,1. Criminal Breach of Trust,0,0,0,0,0,0
Meghalaya,2005,Serious Fraud - Criminal Breach of Trust,1. Criminal Breach of Trust,0,0,0,0,0,0
Mizoram,2005,Serious Fraud - Criminal Breach of Trust,1. Criminal Breach of Trust,0,0,0,0,0,0
Nagaland,2005,Serious Fraud - Criminal Breach of Trust,1. Criminal Breach of Trust,2,2,1,0,0,5
Odisha,2005,Serious Fraud - Criminal Breach of Trust,1. Criminal Breach of Trust,0,0,0,0,0,0
Punjab,2005,Serious Fraud - Criminal Breach of Trust,1. Criminal Breach of Trust,2,0,0,0,0,2
Uttar Pradesh,2005,Serious Fraud - Criminal Breach of Trust,1. Criminal Breach of Trust,0,0,0,0,0,0
West Bengal,2005,Serious Fraud - Criminal Breach of Trust,1. Criminal Breach of Trust,2,0,0,0,0,2
Andhra Pradesh,2006,Serious Fraud - Criminal Breach of Trust,1. Criminal Breach of Trust,0,0,0,0,0,0
Arunachal Pradesh,2006,Serious Fraud - Criminal Breach of Trust,1. Criminal Breach of Trust,0,0,0,0,0,0
Assam,2006,Serious Fraud - Criminal Breach of Trust,1. Criminal Breach of Trust,0,0,0,0,0,0
Bihar,2006,Serious Fraud - Criminal Breach of Trust,1. Criminal Breach of Trust,0,NULL,NULL,NULL,NULL,0
Chandigarh,2006,Serious Fraud - Criminal Breach of Trust,1. Criminal Breach of Trust,0,0,0,0,0,0
Chhattisgarh,2006,Serious Fraud - Criminal Breach of Trust,1. Criminal Breach of Trust,0,0,0,0,0,0
Gujarat,2006,Serious Fraud - Criminal Breach of Trust,1. Criminal Breach of Trust,16,0,0,0,0,16
Himachal Pradesh,2006,Serious Fraud - Criminal Breach of Trust,1. Criminal Breach of Trust,0,0,0,0,0,0
Jammu & Kashmir,2006,Serious Fraud - Criminal Breach of Trust,1. Criminal Breach of Trust,0,0,0,0,0,0
Jharkhand,2006,Serious Fraud - Criminal Breach of Trust,1. Criminal Breach of Trust,5,0,0,0,0,5
Karnataka,2006,Serious Fraud - Criminal Breach of Trust,1. Criminal Breach of Trust,0,0,0,0,0,0
Madhya Pradesh,2006,Serious Fraud - Criminal Breach of Trust,1. Criminal Breach of Trust,0,0,0,0,0,0
Maharashtra,2006,Serious Fraud - Criminal Breach of Trust,1. Criminal Breach of Trust,23,NULL,4,NULL,NULL,27
Manipur,2006,Serious Fraud - Criminal Breach of Trust,1. Criminal Breach of Trust,0,0,0,0,0,0
Meghalaya,2006,Serious Fraud - Criminal Breach of Trust,1. Criminal Breach of Trust,0,0,0,0,0,0
Mizoram,2006,Serious Fraud - Criminal Breach of Trust,1. Criminal Breach of Trust,1,0,0,0,0,1
Nagaland,2006,Serious Fraud - Criminal Breach of Trust,1. Criminal Breach of Trust,11,0,0,0,0,11
Odisha,2006,Serious Fraud - Criminal Breach of Trust,1. Criminal Breach of Trust,0,0,0,0,0,0
Puducherry,2006,Serious Fraud - Criminal Breach of Trust,1. Criminal Breach of Trust,1,NULL,NULL,NULL,NULL,1
Punjab,2006,Serious Fraud - Criminal Breach of Trust,1. Criminal Breach of Trust,1,NULL,NULL,NULL,NULL,1
Uttar Pradesh,2006,Serious Fraud - Criminal Breach of Trust,1. Criminal Breach of Trust,0,0,0,0,0,0
West Bengal,2006,Serious Fraud - Criminal Breach of Trust,1. Criminal Breach of Trust,0,0,0,0,0,0
Andhra Pradesh,2007,Serious Fraud - Criminal Breach of Trust,1. Criminal Breach of Trust,1,0,0,0,0,1
Arunachal Pradesh,2007,Serious Fraud - Criminal Breach of Trust,1. Criminal Breach of Trust,0,0,0,0,0,0
Assam,2007,Serious Fraud - Criminal Breach of Trust,1. Criminal Breach of Trust,0,0,0,0,0,0
Bihar,2007,Serious Fraud - Criminal Breach of Trust,1. Criminal Breach of Trust,0,0,0,0,0,0
Chandigarh,2007,Serious Fraud - Criminal Breach of Trust,1. Criminal Breach of Trust,1,0,0,0,0,1
Chhattisgarh,2007,Serious Fraud - Criminal Breach of Trust,1. Criminal Breach of Trust,0,0,0,0,0,0
Delhi,2007,Serious Fraud - Criminal Breach of Trust,1. Criminal Breach of Trust,1,NULL,NULL,NULL,NULL,1
Goa,2007,Serious Fraud - Criminal Breach of Trust,1. Criminal Breach of Trust,1,NULL,NULL,NULL,NULL,1
Gujarat,2007,Serious Fraud - Criminal Breach of Trust,1. Criminal Breach of Trust,6,0,0,0,0,6
Haryana,2007,Serious Fraud - Criminal Breach of Trust,1. Criminal Breach of Trust,0,0,0,0,0,0
Himachal Pradesh,2007,Serious Fraud - Criminal Breach of Trust,1. Criminal Breach of Trust,0,0,0,0,0,0
Jammu & Kashmir,2007,Serious Fraud - Criminal Breach of Trust,1. Criminal Breach of Trust,12,0,0,0,0,12
Karnataka,2007,Serious Fraud - Criminal Breach of Trust,1. Criminal Breach of Trust,0,0,0,0,0,0
Kerala,2007,Serious Fraud - Criminal Breach of Trust,1. Criminal Breach of Trust,1,NULL,NULL,NULL,NULL,1
Madhya Pradesh,2007,Serious Fraud - Criminal Breach of Trust,1. Criminal Breach of Trust,0,0,0,0,0,0
Maharashtra,2007,Serious Fraud - Criminal Breach of Trust,1. Criminal Breach of Trust,34,3,0,0,1,38
Manipur,2007,Serious Fraud - Criminal Breach of Trust,1. Criminal Breach of Trust,0,0,0,0,0,0
Meghalaya,2007,Serious Fraud - Criminal Breach of Trust,1. Criminal Breach of Trust,0,0,0,0,0,0
Mizoram,2007,Serious Fraud - Criminal Breach of Trust,1. Criminal Breach of Trust,0,0,0,0,0,0
Nagaland,2007,Serious Fraud - Criminal Breach of Trust,1. Criminal Breach of Trust,6,0,0,0,0,6
Odisha,2007,Serious Fraud - Criminal Breach of Trust,1. Criminal Breach of Trust,0,0,0,0,0,0
Puducherry,2007,Serious Fraud - Criminal Breach of Trust,1. Criminal Breach of Trust,0,NULL,NULL,NULL,NULL,0
Sikkim,2007,Serious Fraud - Criminal Breach of Trust,1. Criminal Breach of Trust,7,NULL,NULL,NULL,NULL,7
Tamil Nadu,2007,Serious Fraud - Criminal Breach of Trust,1. Criminal Breach of Trust,2,0,0,0,0,2
Tripura,2007,Serious Fraud - Criminal Breach of Trust,1. Criminal Breach of Trust,0,0,0,0,0,0
West Bengal,2007,Serious Fraud - Criminal Breach of Trust,1. Criminal Breach of Trust,2,0,0,1,0,3
Andhra Pradesh,2008,Serious Fraud - Criminal Breach of Trust,1. Criminal Breach of Trust,2,0,0,0,0,2
Arunachal Pradesh,2008,Serious Fraud - Criminal Breach of Trust,1. Criminal Breach of Trust,0,0,0,0,0,0
Assam,2008,Serious Fraud - Criminal Breach of Trust,1. Criminal Breach of Trust,0,0,0,0,0,0
Bihar,2008,Serious Fraud - Criminal Breach of Trust,1. Criminal Breach of Trust,0,0,0,0,0,0
Chandigarh,2008,Serious Fraud - Criminal Breach of Trust,1. Criminal Breach of Trust,0,0,0,0,0,0
Chhattisgarh,2008,Serious Fraud - Criminal Breach of Trust,1. Criminal Breach of Trust,0,0,0,0,0,0
Delhi,2008,Serious Fraud - Criminal Breach of Trust,1. Criminal Breach of Trust,4,NULL,NULL,NULL,NULL,4
Gujarat,2008,Serious Fraud - Criminal Breach of Trust,1. Criminal Breach of Trust,58,0,0,0,0,58
Haryana,2008,Serious Fraud - Criminal Breach of Trust,1. Criminal Breach of Trust,0,0,0,0,0,0
Himachal Pradesh,2008,Serious Fraud - Criminal Breach of Trust,1. Criminal Breach of Trust,0,0,0,0,0,0
Jammu & Kashmir,2008,Serious Fraud - Criminal Breach of Trust,1. Criminal Breach of Trust,0,0,0,0,0,0
Karnataka,2008,Serious Fraud - Criminal Breach of Trust,1. Criminal Breach of Trust,10,0,0,0,0,10
Kerala,2008,Serious Fraud - Criminal Breach of Trust,1. Criminal Breach of Trust,2,2,NULL,NULL,NULL,4
Maharashtra,2008,Serious Fraud - Criminal Breach of Trust,1. Criminal Breach of Trust,30,0,0,0,0,30
Manipur,2008,Serious Fraud - Criminal Breach of Trust,1. Criminal Breach of Trust,0,0,0,0,0,0
Meghalaya,2008,Serious Fraud - Criminal Breach of Trust,1. Criminal Breach of Trust,0,0,0,0,0,0
Mizoram,2008,Serious Fraud - Criminal Breach of Trust,1. Criminal Breach of Trust,23,0,0,0,0,23
Nagaland,2008,Serious Fraud - Criminal Breach of Trust,1. Criminal Breach of Trust,0,0,0,0,0,0
Odisha,2008,Serious Fraud - Criminal Breach of Trust,1. Criminal Breach of Trust,0,0,0,0,0,0
Punjab,2008,Serious Fraud - Criminal Breach of Trust,1. Criminal Breach of Trust,1,NULL,NULL,NULL,NULL,1
Sikkim,2008,Serious Fraud - Criminal Breach of Trust,1. Criminal Breach of Trust,NULL,1,NULL,NULL,NULL,1
Tamil Nadu,2008,Serious Fraud - Criminal Breach of Trust,1. Criminal Breach of Trust,0,0,0,0,0,0
Uttar Pradesh,2008,Serious Fraud - Criminal Breach of Trust,1. Criminal Breach of Trust,0,NULL,NULL,NULL,NULL,0
West Bengal,2008,Serious Fraud - Criminal Breach of Trust,1. Criminal Breach of Trust,0,0,0,0,0,0
Andhra Pradesh,2009,Serious Fraud - Criminal Breach of Trust,1. Criminal Breach of Trust,1,0,0,0,0,1
Arunachal Pradesh,2009,Serious Fraud - Criminal Breach of Trust,1. Criminal Breach of Trust,0,0,0,0,0,0
Assam,2009,Serious Fraud - Criminal Breach of Trust,1. Criminal Breach of Trust,0,0,0,0,0,0
Bihar,2009,Serious Fraud - Criminal Breach of Trust,1. Criminal Breach of Trust,0,0,0,0,0,0
Chandigarh,2009,Serious Fraud - Criminal Breach of Trust,1. Criminal Breach of Trust,0,0,0,0,0,0
Chhattisgarh,2009,Serious Fraud - Criminal Breach of Trust,1. Criminal Breach of Trust,0,0,0,0,0,0
Delhi,2009,Serious Fraud - Criminal Breach of Trust,1. Criminal Breach of Trust,43,6,5,4,5,63
Goa,2009,Serious Fraud - Criminal Breach of Trust,1. Criminal Breach of Trust,0,0,1,0,0,1
Gujarat,2009,Serious Fraud - Criminal Breach of Trust,1. Criminal Breach of Trust,15,0,0,0,0,15
Haryana,2009,Serious Fraud - Criminal Breach of Trust,1. Criminal Breach of Trust,0,0,0,0,0,0
Himachal Pradesh,2009,Serious Fraud - Criminal Breach of Trust,1. Criminal Breach of Trust,1,0,0,0,0,1
Jammu & Kashmir,2009,Serious Fraud - Criminal Breach of Trust,1. Criminal Breach of Trust,0,0,0,0,0,0
Karnataka,2009,Serious Fraud - Criminal Breach of Trust,1. Criminal Breach of Trust,4,0,0,0,0,4
Kerala,2009,Serious Fraud - Criminal Breach of Trust,1. Criminal Breach of Trust,3,NULL,NULL,NULL,NULL,3
Madhya Pradesh,2009,Serious Fraud - Criminal Breach of Trust,1. Criminal Breach of Trust,16,0,0,0,0,16
Maharashtra,2009,Serious Fraud - Criminal Breach of Trust,1. Criminal Breach of Trust,21,2,2,1,0,26
Manipur,2009,Serious Fraud - Criminal Breach of Trust,1. Criminal Breach of Trust,0,0,0,0,0,0
Meghalaya,2009,Serious Fraud - Criminal Breach of Trust,1. Criminal Breach of Trust,0,0,0,0,0,0
Nagaland,2009,Serious Fraud - Criminal Breach of Trust,1. Criminal Breach of Trust,6,0,0,0,0,6
Odisha,2009,Serious Fraud - Criminal Breach of Trust,1. Criminal Breach of Trust,0,0,0,0,0,0
Tamil Nadu,2009,Serious Fraud - Criminal Breach of Trust,1. Criminal Breach of Trust,2,0,1,2,0,5
Uttar Pradesh,2009,Serious Fraud - Criminal Breach of Trust,1. Criminal Breach of Trust,2,NULL,NULL,NULL,NULL,2
West Bengal,2009,Serious Fraud - Criminal Breach of Trust,1. Criminal Breach of Trust,1,0,0,0,0,1
Andhra Pradesh,2010,Serious Fraud - Criminal Breach of Trust,1. Criminal Breach of Trust,4,3,3,15,0,25
Arunachal Pradesh,2010,Serious Fraud - Criminal Breach of Trust,1. Criminal Breach of Trust,0,0,0,0,0,0
Bihar,2010,Serious Fraud - Criminal Breach of Trust,1. Criminal Breach of Trust,0,0,0,0,0,0
Chandigarh,2010,Serious Fraud - Criminal Breach of Trust,1. Criminal Breach of Trust,2,1,0,0,0,3
Chhattisgarh,2010,Serious Fraud - Criminal Breach of Trust,1. Criminal Breach of Trust,0,0,0,0,0,0
Delhi,2010,Serious Fraud - Criminal Breach of Trust,1. Criminal Breach of Trust,1,NULL,NULL,NULL,NULL,1
Gujarat,2010,Serious Fraud - Criminal Breach of Trust,1. Criminal Breach of Trust,9,0,0,0,0,9
Himachal Pradesh,2010,Serious Fraud - Criminal Breach of Trust,1. Criminal Breach of Trust,0,0,0,0,0,0
Jammu & Kashmir,2010,Serious Fraud - Criminal Breach of Trust,1. Criminal Breach of Trust,0,0,0,0,0,0
Jharkhand,2010,Serious Fraud - Criminal Breach of Trust,1. Criminal Breach of Trust,0,20,0,0,0,20
Karnataka,2010,Serious Fraud - Criminal Breach of Trust,1. Criminal Breach of Trust,461,1,1,1,0,464
Kerala,2010,Serious Fraud - Criminal Breach of Trust,1. Criminal Breach of Trust,6,0,0,0,0,6
Madhya Pradesh,2010,Serious Fraud - Criminal Breach of Trust,1. Criminal Breach of Trust,2,NULL,NULL,NULL,NULL,2
Maharashtra,2010,Serious Fraud - Criminal Breach of Trust,1. Criminal Breach of Trust,13,6,2,0,1,22
Manipur,2010,Serious Fraud - Criminal Breach of Trust,1. Criminal Breach of Trust,0,0,0,0,0,0
Meghalaya,2010,Serious Fraud - Criminal Breach of Trust,1. Criminal Breach of Trust,0,0,0,0,0,0
Nagaland,2010,Serious Fraud - Criminal Breach of Trust,1. Criminal Breach of Trust,10,0,0,0,0,10
Odisha,2010,Serious Fraud - Criminal Breach of Trust,1. Criminal Breach of Trust,0,0,0,0,0,0
Punjab,2010,Serious Fraud - Criminal Breach of Trust,1. Criminal Breach of Trust,2,NULL,NULL,NULL,NULL,2
Tamil Nadu,2010,Serious Fraud - Criminal Breach of Trust,1. Criminal Breach of Trust,9,0,0,0,0,9
Uttar Pradesh,2010,Serious Fraud - Criminal Breach of Trust,1. Criminal Breach of Trust,3,0,NULL,0,0,3
West Bengal,2010,Serious Fraud - Criminal Breach of Trust,1. Criminal Breach of Trust,1,0,0,0,0,1
